Step Index,Current Position,Next Position,Goal Postion,Current Distance,Current Norm Distance,Current Unit Vector,Next Distance,Next Norm Distance,Next Unit Vector,Action
1.1,"(-0.0010470892725087926, -0.025004089200246514, 0.3299968396732982)","(0.0387912031847688, -0.08452152640874067, 0.29565887095393356)","(-0.21993107886142793, 0.08450623319391731, 0.20689815939225248)",0.2739634951889957,0.6457381508190232,"(-0.7989531212467574, 0.39972596465312776, -0.4493251197431438)",0.3215370377739113,0.7578700660418926,"(-0.8046422391566512, 0.5256867475451142, -0.276051282229244)","[-0.2728954342346576, 0.535156959594116, 0.1957312477223101]"
1.2,"(0.0387912031847688, -0.08452152640874067, 0.29565887095393356)","(-0.15489057744277265, -0.07030605147733901, 0.15167471608907435)","(-0.21993107886142793, 0.08450623319391731, 0.20689815939225248)",0.3215370377739113,0.7578700660418926,"(-0.8046422391566512, 0.5256867475451142, -0.276051282229244)",0.17676747155566697,0.4166449261007076,"(-0.36794383517655826, 0.8757962271497638, 0.3124072705072741)","[1.1224146197130527, 0.5150178427857593, 1.1161350253654363]"
1.3,"(-0.15489057744277265, -0.07030605147733901, 0.15167471608907435)","(-0.03134732672846927, -0.03284019508039349, 0.31520303406124867)","(-0.21993107886142793, 0.08450623319391731, 0.20689815939225248)",0.17676747155566697,0.4166449261007076,"(-0.36794383517655826, 0.8757962271497638, 0.3124072705072741)",0.2471112334038057,0.582446762824009,"(-0.7631532955233686, 0.47487290099254376, -0.4382838982152408)","[0.3078871941599094, 0.06837442521612953, -0.7145245082810133]"
